<background>
  <starttime>
    <year>2011</year>
    <month>11</month>
    <day>24</day>
    <hour>00</hour>
    <minute>00</minute>
    <second>00</second>
  </starttime>


<static>
<duration>21600.0</duration><!-- 6 hours, 00:00 to 06:00 -->
<file>__LOCATION__/backgrounds/gnome/Zelda_Ghib-timed/Zelda_Ghib-1.jpg</file>
</static>

<transition type="overlay">
<duration>3600.0</duration><!-- 1 hour, 06:00 to 07:00 -->
<from>__LOCATION__/backgrounds/gnome/Zelda_Ghib-timed/Zelda_Ghib-1.jpg</from>
<to>__LOCATION__/backgrounds/gnome/Zelda_Ghib-timed/Zelda_Ghib-2.jpg</to>
</transition>

<static>
<duration>5400.0</duration><!-- 1.5 hours, 07:00 to 08:30 -->
<file>__LOCATION__/backgrounds/gnome/Zelda_Ghib-timed/Zelda_Ghib-2.jpg</file>
</static>

<transition type="overlay">
<duration>1800.0</duration><!-- 0.5 hours, 08:30 to 09:00 -->
<from>__LOCATION__/backgrounds/gnome/Zelda_Ghib-timed/Zelda_Ghib-2.jpg</from>
<to>__LOCATION__/backgrounds/gnome/Zelda_Ghib-timed/Zelda_Ghib-3.jpg</to>
</transition>

<static>
<duration>32400.0</duration><!-- 9 hours, 09:00 to 18:00 -->
<file>__LOCATION__/backgrounds/gnome/Zelda_Ghib-timed/Zelda_Ghib-3.jpg</file>
</static>

<transition type="overlay">
<duration>1800.0</duration><!-- 0.5 hours, 18:30 to 19:00 -->
<from>__LOCATION__/backgrounds/gnome/Zelda_Ghib-timed/Zelda_Ghib-3.jpg</from>
<to>__LOCATION__/backgrounds/gnome/Zelda_Ghib-timed/Zelda_Ghib-4.jpg</to>
</transition>

<static>
<duration>1800.0</duration><!-- 0.5 hours, 19:00 to 19:30 -->
<file>__LOCATION__/backgrounds/gnome/Zelda_Ghib-timed/Zelda_Ghib-4.jpg</file>
</static>

<transition type="overlay">
<duration>1800.0</duration><!-- 0.5 hours, 19:30 to 20:00 -->
<from>__LOCATION__/backgrounds/gnome/Zelda_Ghib-timed/Zelda_Ghib-4.jpg</from>
<to>__LOCATION__/backgrounds/gnome/Zelda_Ghib-timed/Zelda_Ghib-5.jpg</to>
</transition>

<static>
<duration>12600.0</duration><!-- 3.5 hours, 20:00 to 23:30 -->
<file>__LOCATION__/backgrounds/gnome/Zelda_Ghib-timed/Zelda_Ghib-5.jpg</file>
</static>

<transition type="overlay">
<duration>1800.0</duration><!-- 0.5 hours, 23:30 to 00:00 -->
<from>__LOCATION__/backgrounds/gnome/Zelda_Ghib-timed/Zelda_Ghib-5.jpg</from>
<to>__LOCATION__/backgrounds/gnome/Zelda_Ghib-timed/Zelda_Ghib-1.jpg</to>
</transition>
</background>
