<background>
  <starttime>
    <year>2011</year>
    <month>11</month>
    <day>24</day>
    <hour>00</hour>
    <minute>00</minute>
    <second>00</second>
  </starttime>

  <static>
  <duration>21600.0</duration><!-- 6 hours, 00:00 to 06:00 -->
  <file>__LOCATION__/backgrounds/gnome/Bit_Day-timed/Bit_Day-12.png</file>
  </static>

  <transition type="overlay">
  <duration>1800.0</duration><!-- 0.5 hours, 06:00 to 06:30 -->
  <from>__LOCATION__/backgrounds/gnome/Bit_Day-timed/Bit_Day-12.png</from>
  <to>__LOCATION__/backgrounds/gnome/Bit_Day-timed/Bit_Day-1.png</to>
  </transition>

  <static>
  <duration>1800.0</duration><!-- 0.5 hours, 06:30 to 07:00 -->
  <file>__LOCATION__/backgrounds/gnome/Bit_Day-timed/Bit_Day-1.png</file>
  </static>

  <transition type="overlay">
  <duration>1800.0</duration><!-- 0.5 hours, 07:00 to 07:30 -->
  <from>__LOCATION__/backgrounds/gnome/Bit_Day-timed/Bit_Day-1.png</from>
  <to>__LOCATION__/backgrounds/gnome/Bit_Day-timed/Bit_Day-2.png</to>
  </transition>

  <static>
  <duration>1800.0</duration><!-- 0.5 hours, 07:30 to 08:00 -->
  <file>__LOCATION__/backgrounds/gnome/Bit_Day-timed/Bit_Day-2.png</file>
  </static>

  <transition type="overlay">
  <duration>1800.0</duration><!-- 0.5 hours, 08:00 to 08:30 -->
  <from>__LOCATION__/backgrounds/gnome/Bit_Day-timed/Bit_Day-2.png</from>
  <to>__LOCATION__/backgrounds/gnome/Bit_Day-timed/Bit_Day-3.png</to>
  </transition>

  <static>
  <duration>5400.0</duration><!-- 1.5 hours, 08:30 to 10:00 -->
  <file>__LOCATION__/backgrounds/gnome/Bit_Day-timed/Bit_Day-3.png</file>
  </static>

  <transition type="overlay">
  <duration>1800.0</duration><!-- 0.5 hours, 10:00 to 10:30 -->
  <from>__LOCATION__/backgrounds/gnome/Bit_Day-timed/Bit_Day-3.png</from>
  <to>__LOCATION__/backgrounds/gnome/Bit_Day-timed/Bit_Day-4.png</to>
  </transition>

  <static>
  <duration>5400.0</duration><!-- 1.5 hours, 10:30 to 12:00 -->
  <file>__LOCATION__/backgrounds/gnome/Bit_Day-timed/Bit_Day-4.png</file>
  </static>

  <transition type="overlay">
  <duration>1800.0</duration><!-- 0.5 hours, 12:00 to 12:30 -->
  <from>__LOCATION__/backgrounds/gnome/Bit_Day-timed/Bit_Day-4.png</from>
  <to>__LOCATION__/backgrounds/gnome/Bit_Day-timed/Bit_Day-5.png</to>
  </transition>

  <static>
  <duration>12600.0</duration><!-- 3.5 hours, 12:30 to 16:00 -->
  <file>__LOCATION__/backgrounds/gnome/Bit_Day-timed/Bit_Day-5.png</file>
  </static>

  <transition type="overlay">
  <duration>1800.0</duration><!-- 0.5 hours, 16:00 to 16:30 -->
  <from>__LOCATION__/backgrounds/gnome/Bit_Day-timed/Bit_Day-5.png</from>
  <to>__LOCATION__/backgrounds/gnome/Bit_Day-timed/Bit_Day-6.png</to>
  </transition>

  <static>
  <duration>3600.0</duration><!-- 1 hour, 16:30 to 17:30 -->
  <file>__LOCATION__/backgrounds/gnome/Bit_Day-timed/Bit_Day-6.png</file>
  </static>

  <transition type="overlay">
  <duration>900.0</duration><!-- 0.25 hours, 17:30 to 17:45 -->
  <from>__LOCATION__/backgrounds/gnome/Bit_Day-timed/Bit_Day-6.png</from>
  <to>__LOCATION__/backgrounds/gnome/Bit_Day-timed/Bit_Day-7.png</to>
  </transition>

  <static>
  <duration>900.0</duration><!-- 0.25 hours, 17:45 to 18:00 -->
  <file>__LOCATION__/backgrounds/gnome/Bit_Day-timed/Bit_Day-7.png</file>
  </static>

  <transition type="overlay">
  <duration>1800.0</duration><!-- 0.5 hours, 18:00 to 18:30 -->
  <from>__LOCATION__/backgrounds/gnome/Bit_Day-timed/Bit_Day-7.png</from>
  <to>__LOCATION__/backgrounds/gnome/Bit_Day-timed/Bit_Day-8.png</to>
  </transition>

  <static>
  <duration>1800.0</duration><!-- 0.5 hours, 18:30 to 19:00 -->
  <file>__LOCATION__/backgrounds/gnome/Bit_Day-timed/Bit_Day-8.png</file>
  </static>

  <transition type="overlay">
  <duration>1800.0</duration><!-- 0.5 hours, 19:00 to 19:30 -->
  <from>__LOCATION__/backgrounds/gnome/Bit_Day-timed/Bit_Day-8.png</from>
  <to>__LOCATION__/backgrounds/gnome/Bit_Day-timed/Bit_Day-9.png</to>
  </transition>

  <static>
  <duration>3600.0</duration><!-- 1 hour, 19:30 to 20:30 -->
  <file>__LOCATION__/backgrounds/gnome/Bit_Day-timed/Bit_Day-9.png</file>
  </static>

  <transition type="overlay">
  <duration>1800.0</duration><!-- 0.5 hours, 20:30 to 21:00 -->
  <from>__LOCATION__/backgrounds/gnome/Bit_Day-timed/Bit_Day-9.png</from>
  <to>__LOCATION__/backgrounds/gnome/Bit_Day-timed/Bit_Day-10.png</to>
  </transition>

  <static>
  <duration>3600.0</duration><!-- 1 hour, 21:00 to 22:00 -->
  <file>__LOCATION__/backgrounds/gnome/Bit_Day-timed/Bit_Day-10.png</file>
  </static>

  <transition type="overlay">
  <duration>1800.0</duration><!-- 0.5 hours, 22:00 to 22:30 -->
  <from>__LOCATION__/backgrounds/gnome/Bit_Day-timed/Bit_Day-10.png</from>
  <to>__LOCATION__/backgrounds/gnome/Bit_Day-timed/Bit_Day-11.png</to>
  </transition>

  <static>
  <duration>5400.0</duration><!-- 1.5 hours, 22:30 to 24:00 -->
  <file>__LOCATION__/backgrounds/gnome/Bit_Day-timed/Bit_Day-10.png</file>
  </static>
</background>
